{"cameraMode":{"drawMode":0,"name":"Shaded","section":"Shading Mode"},"sceneLighting":true,"audioPlay":false,"sceneViewState":{"m_AlwaysRefresh":false,"showFog":true,"showSkybox":false,"showFlares":true,"showImageEffects":true,"showParticleSystems":true,"showVisualEffectGraphs":true,"m_FxEnabled":true},"in2DMode":false,"pivot":{"x":0.6545999050140381,"y":0.5560568571090698,"z":0.25478291511535647},"rotation":{"x":-0.020988602191209794,"y":0.3600304424762726,"z":0.00810205191373825,"w":0.9326692819595337},"size":1.8867733478546143,"orthographic":false}